{"cameraMode":{"drawMode":0,"name":"Shaded","section":"Shading Mode"},"sceneLighting":false,"audioPlay":false,"sceneViewState":{"showFog":true,"showMaterialUpdate":false,"showSkybox":false,"showFlares":true,"showImageEffects":true,"showParticleSystems":true},"in2DMode":false,"pivot":{"x":10.104000091552735,"y":2.635000228881836,"z":10.380000114440918},"rotation":{"x":0.0033112915698438884,"y":-0.06277690827846527,"z":0.000055202250223373994,"w":0.9981746673583984},"size":11.969245910644532,"orthographic":false}