{"cameraMode":{"drawMode":0,"name":"Shaded","section":"Shading Mode"},"sceneLighting":false,"audioPlay":false,"sceneViewState":{"showFog":true,"showMaterialUpdate":false,"showSkybox":false,"showFlares":true,"showImageEffects":true,"showParticleSystems":true},"in2DMode":false,"pivot":{"x":21.274677276611329,"y":-1.6690378189086915,"z":31.375381469726564},"rotation":{"x":0.10047269612550736,"y":0.6073635816574097,"z":-0.07765135914087296,"w":0.7843846678733826},"size":10.925135612487793,"orthographic":false}