{"cameraMode":{"drawMode":0,"name":"Shaded","section":"Shading Mode"},"sceneLighting":false,"audioPlay":false,"sceneViewState":{"showFog":true,"showMaterialUpdate":false,"showSkybox":true,"showFlares":true,"showImageEffects":true,"showParticleSystems":true},"in2DMode":false,"pivot":{"x":8.713011741638184,"y":1.3706154823303223,"z":44.38147735595703},"rotation":{"x":-0.059078142046928409,"y":-0.7459719777107239,"z":0.06700953841209412,"w":-0.6600160002708435},"size":0.1943850815296173,"orthographic":false}