{"cameraMode":{"drawMode":0,"name":"Shaded","section":"Shading Mode"},"sceneLighting":false,"audioPlay":false,"sceneViewState":{"showFog":true,"showMaterialUpdate":false,"showSkybox":false,"showFlares":true,"showImageEffects":true,"showParticleSystems":true},"in2DMode":false,"pivot":{"x":9.66992473602295,"y":4.0956711769104,"z":5.233275413513184},"rotation":{"x":0.04173678159713745,"y":0.9251963496208191,"z":-0.10458932816982269,"w":0.3634163737297058},"size":2.857907295227051,"orthographic":false}