{"cameraMode":{"drawMode":0,"name":"Shaded","section":"Shading Mode"},"sceneLighting":false,"audioPlay":false,"sceneViewState":{"showFog":true,"showMaterialUpdate":false,"showSkybox":false,"showFlares":true,"showImageEffects":true,"showParticleSystems":true},"in2DMode":false,"pivot":{"x":-17.01807975769043,"y":0.375122994184494,"z":-10.039052963256836},"rotation":{"x":0.1127595603466034,"y":-0.7322429418563843,"z":0.12523122131824494,"w":0.6599962711334229},"size":0.9827250838279724,"orthographic":false}